{ "backgroundcolor":"#ffffff",
 "height":10,
 "layers":[
        {
         "data":[0, 0, 0, 0, 0, 0, 0, 0, 0, 0, 0, 0, 0, 0, 0, 0, 0, 0, 0, 0, 0, 0, 0, 0, 0, 0, 0, 0, 0, 0, 0, 0, 0, 0, 0, 0, 0, 0, 0, 0, 0, 0, 0, 0, 0, 0, 0, 0, 0, 0, 0, 0, 0, 0, 0, 0, 0, 0, 0, 0, 0, 0, 0, 0, 55, 0, 0, 0, 0, 0, 0, 0, 0, 0, 0, 0, 0, 0, 0, 0, 0, 0, 0, 0, 0, 0, 0, 0, 0, 0, 0, 0, 0, 0, 129, 104, 104, 105, 0, 0, 0, 0, 0, 0, 0, 0, 0, 0, 0, 0, 0, 0, 0, 0, 0, 0, 0, 0, 129, 104, 104, 105, 20, 0, 0, 0, 0, 0, 0, 0, 0, 0, 0, 0, 0, 0, 0, 0, 0, 129, 104, 104, 105, 0, 0, 0, 0, 0, 0, 0, 0, 0, 0, 0, 0, 0, 0, 0, 0, 0, 0, 0, 0, 0, 0, 0, 0, 126, 101, 102, 0, 0, 0, 0, 0, 0, 20, 0, 0, 129, 104, 104, 105, 0, 0, 0, 0, 0, 0, 0, 0, 0, 0, 0, 0, 0, 0, 0, 0, 0, 0, 0, 0, 0, 0, 0, 0, 0, 0, 0, 0, 0, 0, 0, 65, 0, 0, 0, 0, 0, 0, 0, 0, 0, 0, 0, 0, 0, 0, 0, 20, 0, 0, 0, 0, 0, 0, 0, 0, 36, 36, 0, 0, 0, 0, 0, 0, 0, 0, 0, 0, 0, 0, 0, 0, 0, 0, 0, 0, 129, 104, 105, 0, 75, 51, 0, 104, 104, 104, 104, 0, 0, 0, 0, 0, 0, 0, 0, 0, 0, 0, 0, 0, 0, 20, 0, 0, 0, 0, 0, 0, 0, 0, 128, 128, 0, 0, 129, 104, 104, 104, 104, 104, 105, 0, 0, 0, 129, 104, 104, 105, 0, 0, 0, 153, 0, 0, 0, 0, 0, 153, 153, 153, 153, 0, 41, 0, 0, 0, 0, 0, 0, 0, 0, 0, 0, 0, 0, 20, 0, 0, 0, 0, 0, 0, 0, 0, 128, 128, 0, 0, 0, 0, 0, 0, 0, 0, 0, 0, 0, 0, 0, 0, 0, 0, 0, 0, 0, 153, 0, 0, 0, 0, 0, 153, 153, 153, 153, 104, 104, 104, 104, 104, 104, 104, 105, 0, 129, 104, 104, 104, 104, 92, 0, 0, 0, 0, 0, 0, 0, 0, 128, 128, 0, 0, 0, 0, 0, 0, 0, 0, 0, 0, 129, 104, 104, 105, 0, 0, 0, 0, 0, 153, 0, 0, 0, 0, 0, 153, 153, 153, 153, 153, 153, 153, 153, 153, 153, 153, 139, 139, 139, 153, 153, 153, 153, 153, 104, 104, 104, 104, 104, 104, 104, 104, 104, 104, 0, 0, 0, 0, 0, 0, 0, 0, 0, 0, 0, 0, 0, 0, 0, 0, 0, 0, 91, 153, 103, 103, 103, 103, 103, 153, 153, 153, 153, 153, 153, 153, 153, 153, 153, 153, 153, 153, 153, 153, 153, 153, 153, 153, 153, 153, 153, 153, 153, 153, 153, 153, 153, 153, 153, 153, 153, 153, 153, 153, 153, 153, 153, 153, 153, 153, 153, 153, 153, 153, 153, 153, 153, 153, 44, 44, 44, 44, 44, 153, 153, 153, 153],
         "height":10,
         "name":"mapa",
         "opacity":1,
         "type":"tilelayer",
         "visible":true,
         "width":54,
         "x":0,
         "y":0
        }, 
        {
         "height":10,
         "name":"triggers",
         "objects":[
                {
                 "height":68,
                 "name":"start",
                 "properties":
                    {

                    },
                 "type":"start",
                 "visible":true,
                 "width":68,
                 "x":68,
                 "y":408
                }, 
                {
                 "height":68,
                 "name":"fogo",
                 "properties":
                    {
                     "damage":"2"
                    },
                 "type":"fire",
                 "visible":true,
                 "width":204,
                 "x":476,
                 "y":544
                }, 
                {
                 "height":68,
                 "name":"cadeado amarelo",
                 "properties":
                    {

                    },
                 "type":"amarelo",
                 "visible":true,
                 "width":68,
                 "x":680,
                 "y":68
                }, 
                {
                 "height":68,
                 "name":"saida ",
                 "properties":
                    {

                    },
                 "type":"end",
                 "visible":true,
                 "width":68,
                 "x":3536,
                 "y":204
                }, 
                {
                 "height":136,
                 "name":"agua",
                 "properties":
                    {
                     "damage":"5"
                    },
                 "type":"water",
                 "visible":true,
                 "width":340,
                 "x":3060,
                 "y":544
                }, 
                {
                 "height":68,
                 "name":"cadeado azul",
                 "properties":
                    {

                    },
                 "type":"azul",
                 "visible":true,
                 "width":68,
                 "x":2924,
                 "y":544
                }],
         "opacity":1,
         "type":"objectgroup",
         "visible":true,
         "width":54,
         "x":0,
         "y":0
        }, 
        {
         "height":10,
         "name":"chao",
         "objects":[
                {
                 "height":408,
                 "name":"",
                 "properties":
                    {

                    },
                 "type":"",
                 "visible":true,
                 "width":272,
                 "x":3400,
                 "y":272
                }, 
                {
                 "height":68,
                 "name":"",
                 "properties":
                    {

                    },
                 "type":"",
                 "visible":true,
                 "width":136,
                 "x":3196,
                 "y":272
                }, 
                {
                 "height":68,
                 "name":"",
                 "properties":
                    {

                    },
                 "type":"",
                 "visible":true,
                 "width":204,
                 "x":2924,
                 "y":272
                }, 
                {
                 "height":340,
                 "name":"",
                 "properties":
                    {

                    },
                 "type":"",
                 "visible":true,
                 "width":68,
                 "x":2992,
                 "y":340
                }, 
                {
                 "height":68,
                 "name":"",
                 "properties":
                    {

                    },
                 "type":"",
                 "visible":true,
                 "width":272,
                 "x":2720,
                 "y":68
                }, 
                {
                 "height":68,
                 "name":"",
                 "properties":
                    {

                    },
                 "type":"",
                 "visible":true,
                 "width":272,
                 "x":2516,
                 "y":340
                }, 
                {
                 "height":68,
                 "name":"",
                 "properties":
                    {

                    },
                 "type":"",
                 "visible":true,
                 "width":272,
                 "x":2380,
                 "y":476
                }, 
                {
                 "height":68,
                 "name":"",
                 "properties":
                    {

                    },
                 "type":"",
                 "visible":true,
                 "width":1360,
                 "x":1632,
                 "y":612
                }, 
                {
                 "height":340,
                 "name":"",
                 "properties":
                    {

                    },
                 "type":"",
                 "visible":true,
                 "width":136,
                 "x":1564,
                 "y":272
                }, 
                {
                 "height":68,
                 "name":"",
                 "properties":
                    {

                    },
                 "type":"",
                 "visible":true,
                 "width":476,
                 "x":1088,
                 "y":544
                }, 
                {
                 "height":68,
                 "name":"",
                 "properties":
                    {

                    },
                 "type":"",
                 "visible":true,
                 "width":68,
                 "x":1020,
                 "y":544
                }, 
                {
                 "height":68,
                 "name":"",
                 "properties":
                    {

                    },
                 "type":"",
                 "visible":true,
                 "width":408,
                 "x":612,
                 "y":476
                }, 
                {
                 "height":68,
                 "name":"",
                 "properties":
                    {

                    },
                 "type":"",
                 "visible":true,
                 "width":272,
                 "x":1156,
                 "y":204
                }, 
                {
                 "height":68,
                 "name":"",
                 "properties":
                    {

                    },
                 "type":"",
                 "visible":true,
                 "width":272,
                 "x":680,
                 "y":136
                }, 
                {
                 "height":68,
                 "name":"",
                 "properties":
                    {

                    },
                 "type":"",
                 "visible":true,
                 "width":204,
                 "x":340,
                 "y":204
                }, 
                {
                 "height":68,
                 "name":"",
                 "properties":
                    {

                    },
                 "type":"",
                 "visible":true,
                 "width":544,
                 "x":0,
                 "y":476
                }, 
                {
                 "height":68,
                 "name":"",
                 "properties":
                    {

                    },
                 "type":"",
                 "visible":true,
                 "width":476,
                 "x":1836,
                 "y":340
                }, 
                {
                 "height":68,
                 "name":"",
                 "properties":
                    {

                    },
                 "type":"",
                 "visible":true,
                 "width":272,
                 "x":2108,
                 "y":136
                }],
         "opacity":1,
         "type":"objectgroup",
         "visible":true,
         "width":54,
         "x":0,
         "y":0
        }, 
        {
         "height":10,
         "name":"escada",
         "objects":[
                {
                 "height":340,
                 "name":"",
                 "properties":
                    {

                    },
                 "type":"",
                 "visible":true,
                 "width":68,
                 "x":952,
                 "y":136
                }],
         "opacity":1,
         "type":"objectgroup",
         "visible":true,
         "width":54,
         "x":0,
         "y":0
        }],
 "orientation":"orthogonal",
 "properties":
    {

    },
 "tileheight":68,
 "tilesets":[
        {
         "firstgid":1,
         "image":"tiles_spritesheet.png",
         "imageheight":884,
         "imagewidth":816,
         "margin":0,
         "name":"tiles_spritesheet",
         "properties":
            {

            },
         "spacing":0,
         "tileheight":68,
         "tilewidth":68
        }],
 "tilewidth":68,
 "version":1,
 "width":54
}